{"cameraMode":{"drawMode":0,"name":"Shaded","section":"Shading Mode"},"sceneLighting":true,"audioPlay":false,"sceneViewState":{"m_AlwaysRefresh":false,"showFog":true,"showSkybox":true,"showFlares":true,"showImageEffects":true,"showParticleSystems":true,"showVisualEffectGraphs":true,"m_FxEnabled":true},"in2DMode":false,"pivot":{"x":6.271890640258789,"y":80.62181854248047,"z":-135.78501892089845},"rotation":{"x":-0.019526727497577668,"y":-0.7108361721038818,"z":-0.020357998088002206,"w":0.7034196853637695},"size":12.12435531616211,"orthographic":false}